Days Passed,Accuracy
4,0.29515418502202645
8,0.3047858942065491
16,0.27616926503340755
32,0.26044226044226043
64,0.22249388753056235
128,0.22340425531914893
