Shots,CL-OMNet
1,0.28825757575757577
2,0.30643939393939396
3,0.5821969696969697
4,0.5704545454545454
5,0.5662878787878788
