Shots,CL-OMNet
1,0.3515151515151515
2,0.4537878787878788
3,0.5992424242424242
4,0.6337121212121212
5,0.6549242424242424
