Domain Setting,Accuracy
Dˢ → Dˢ,0.7519696950912476
Dˢ → Dᵖ,0.3372727131843567
Dᵖ → Dᵖ,0.7196969985961914
