Days Passed,Accuracy
4,0.7677261613691931
8,0.7775330396475771
16,0.75177304964539
32,0.7395577395577395
64,0.7371937639198218
128,0.707808564231738
