Shots,Multi Source Accuracy
1,0.5356060606060606
2,0.615909090909091
3,0.681060606060606
4,0.7234848484848485
5,0.753030303030303
