Shots,Single Source Accuracy
1,0.521969696969697
2,0.615909090909091
3,0.6098484848484849
4,0.6674242424242425
5,0.6772727272727272
