Shots,Single Source Accuracy
1,0.4628787878787879
2,0.5393939393939394
3,0.5522727272727272
4,0.5234848484848484
5,0.556060606060606
